{"cameraMode":{"drawMode":0,"name":"Shaded","section":"Shading Mode"},"sceneLighting":true,"audioPlay":false,"sceneViewState":{"m_AlwaysRefresh":false,"showFog":true,"showSkybox":true,"showFlares":true,"showImageEffects":true,"showParticleSystems":true,"showVisualEffectGraphs":true,"m_FxEnabled":true},"in2DMode":false,"pivot":{"x":684.2388305664063,"y":422.90447998046877,"z":793.2869873046875},"rotation":{"x":-0.0008572185761295259,"y":0.9989702701568604,"z":0.04017024114727974,"w":0.021282780915498735},"size":118.4728012084961,"orthographic":false}